~id,~from,~to,amount:Int,currency:String,timestamp:String,purpose:String
TXN0001,ACC063,ACC002,3069,USD,2024-06-10T12:35:02,Payment for services
TXN0002,ACC083,ACC063,3069,USD,2024-05-11T00:25:27,Payment for services
TXN0003,ACC002,ACC083,3069,USD,2024-09-15T16:30:32,Payment for services
TXN0004,ACC094,ACC005,6768,EUR,2024-04-15T08:44:07,Consulting fee
TXN0005,ACC008,ACC094,6768,EUR,2024-02-25T19:37:15,Consulting fee
TXN0006,ACC005,ACC008,6768,EUR,2024-01-11T10:43:03,Consulting fee
TXN0007,ACC096,ACC007,5055,USD,2024-09-20T00:01:02,Investment
TXN0008,ACC006,ACC096,5055,USD,2024-08-03T04:06:29,Investment
TXN0009,ACC007,ACC006,5055,USD,2024-03-26T10:10:39,Investment
TXN0010,ACC097,ACC031,5683,GBP,2024-07-30T01:06:49,Investment
TXN0011,ACC031,ACC017,5683,GBP,2024-02-11T02:25:46,Investment
TXN0012,ACC017,ACC097,5683,GBP,2024-11-28T15:52:46,Investment
TXN0013,ACC020,ACC038,6725,USD,2024-04-20T03:28:56,Consulting fee
TXN0014,ACC029,ACC020,6725,USD,2024-06-30T15:10:05,Consulting fee
TXN0015,ACC038,ACC029,6725,USD,2024-03-11T15:45:22,Consulting fee
TXN0016,ACC083,ACC055,1645,GBP,2024-10-02T17:28:02,Payment for services
TXN0017,ACC031,ACC083,1645,GBP,2024-04-22T10:30:10,Payment for services
TXN0018,ACC055,ACC031,1645,GBP,2024-03-28T00:07:03,Payment for services
TXN0019,ACC005,ACC035,8352,GBP,2024-01-31T02:42:54,Consulting fee
TXN0020,ACC035,ACC028,8352,GBP,2024-04-16T16:48:41,Consulting fee
TXN0021,ACC028,ACC005,8352,GBP,2024-02-08T05:15:56,Consulting fee
TXN0022,ACC053,ACC010,4955,GBP,2024-11-27T12:27:14,Payment for services
TXN0023,ACC060,ACC053,4955,GBP,2024-05-20T23:22:27,Payment for services
TXN0024,ACC010,ACC060,4955,GBP,2024-06-24T08:10:06,Payment for services
TXN0025,ACC091,ACC021,4694,EUR,2024-10-15T12:20:27,Payment for services
TXN0026,ACC021,ACC085,4694,EUR,2024-01-30T00:37:53,Payment for services
TXN0027,ACC085,ACC091,4694,EUR,2024-04-19T11:57:31,Payment for services
TXN0028,ACC052,ACC038,4462,GBP,2024-08-19T22:19:18,Investment
TXN0029,ACC038,ACC015,4462,GBP,2024-02-19T02:28:07,Investment
TXN0030,ACC015,ACC052,4462,GBP,2024-11-02T16:32:12,Investment
TXN0031,ACC041,ACC020,1278,GBP,2024-02-16T19:17:17,Consulting fee
TXN0032,ACC047,ACC041,1278,GBP,2024-01-30T15:03:05,Consulting fee
TXN0033,ACC020,ACC047,1278,GBP,2024-07-07T05:09:52,Consulting fee
TXN0034,ACC027,ACC057,8491,GBP,2024-11-18T07:10:46,Payment for services
TXN0035,ACC057,ACC051,8491,GBP,2024-05-07T13:26:14,Payment for services
TXN0036,ACC051,ACC027,8491,GBP,2024-10-22T10:59:56,Payment for services
TXN0037,ACC064,ACC008,2315,GBP,2024-10-27T21:08:25,Payment for services
TXN0038,ACC008,ACC031,2315,GBP,2024-01-23T21:58:10,Payment for services
TXN0039,ACC031,ACC064,2315,GBP,2024-01-24T02:02:06,Payment for services
TXN0040,ACC055,ACC094,1260,EUR,2024-08-20T16:55:54,Consulting fee
TXN0041,ACC059,ACC055,1260,EUR,2024-08-17T12:14:13,Consulting fee
TXN0042,ACC094,ACC059,1260,EUR,2024-07-02T13:27:23,Consulting fee
TXN0043,ACC060,ACC089,7044,GBP,2024-11-03T08:18:24,Investment
TXN0044,ACC099,ACC060,7044,GBP,2024-01-29T01:48:54,Investment
TXN0045,ACC089,ACC099,7044,GBP,2024-04-03T08:09:26,Investment
TXN0046,ACC078,ACC021,8650,USD,2024-08-23T10:58:05,Payment for services
TXN0047,ACC036,ACC078,8650,USD,2024-08-31T03:21:49,Payment for services
TXN0048,ACC021,ACC036,8650,USD,2024-08-03T06:24:27,Payment for services
TXN0049,ACC011,ACC096,5908,USD,2024-04-18T09:31:21,Goods purchase
TXN0050,ACC077,ACC018,4405,GBP,2024-05-02T18:20:17,Salary
TXN0051,ACC058,ACC097,8039,GBP,2024-11-04T16:29:51,Salary
TXN0052,ACC038,ACC012,9029,EUR,2024-06-10T17:54:05,Goods purchase
TXN0053,ACC092,ACC019,4579,EUR,2024-10-29T05:36:29,Goods purchase
TXN0054,ACC027,ACC003,944,GBP,2024-12-28T22:56:21,Services
TXN0055,ACC065,ACC032,365,USD,2024-06-17T15:01:44,Loan repayment
TXN0056,ACC067,ACC007,7003,EUR,2024-09-03T16:18:58,Services
TXN0057,ACC097,ACC016,3269,EUR,2024-10-28T05:38:03,Goods purchase
TXN0058,ACC029,ACC026,2462,GBP,2024-06-25T03:05:13,Goods purchase
TXN0059,ACC082,ACC046,7899,GBP,2024-03-27T18:03:23,Services
TXN0060,ACC037,ACC016,9871,USD,2024-10-22T22:28:57,Salary
TXN0061,ACC051,ACC060,3789,EUR,2024-04-14T21:28:16,Services
TXN0062,ACC003,ACC016,1784,USD,2024-12-10T16:46:11,Loan repayment
TXN0063,ACC022,ACC070,9851,EUR,2024-01-17T17:01:38,Loan repayment
TXN0064,ACC006,ACC096,4414,USD,2024-02-14T19:29:29,Services
TXN0065,ACC012,ACC055,6489,USD,2024-08-14T02:45:06,Services
TXN0066,ACC028,ACC047,3670,GBP,2024-05-12T15:28:57,Salary
TXN0067,ACC020,ACC072,339,GBP,2024-12-08T01:39:37,Goods purchase
TXN0068,ACC100,ACC076,2546,EUR,2024-05-11T13:28:03,Goods purchase
TXN0069,ACC071,ACC061,5815,USD,2024-05-11T02:53:35,Services
TXN0070,ACC069,ACC039,4268,EUR,2024-11-23T00:27:17,Goods purchase
TXN0071,ACC069,ACC060,2287,GBP,2024-07-23T13:33:35,Services
TXN0072,ACC005,ACC023,9601,GBP,2024-12-30T08:38:34,Goods purchase
TXN0073,ACC066,ACC038,9706,EUR,2024-09-15T19:33:16,Goods purchase
TXN0074,ACC084,ACC055,4184,EUR,2024-02-14T06:51:56,Loan repayment
TXN0075,ACC061,ACC094,6540,EUR,2024-09-05T05:18:11,Goods purchase
TXN0076,ACC073,ACC048,6840,USD,2024-04-01T01:22:37,Loan repayment
TXN0077,ACC084,ACC081,7989,USD,2024-05-06T01:28:44,Goods purchase
TXN0078,ACC063,ACC054,1929,USD,2024-09-21T20:09:51,Salary
TXN0079,ACC091,ACC082,5761,GBP,2024-09-11T01:06:30,Goods purchase
TXN0080,ACC067,ACC070,8360,GBP,2024-01-25T15:51:21,Salary
TXN0081,ACC025,ACC067,9656,GBP,2024-09-27T02:48:26,Loan repayment
TXN0082,ACC040,ACC036,2671,EUR,2024-02-22T07:05:34,Goods purchase
TXN0083,ACC095,ACC016,8427,USD,2024-02-11T22:52:23,Goods purchase
TXN0084,ACC055,ACC084,4314,GBP,2024-11-21T11:05:43,Loan repayment
TXN0085,ACC005,ACC090,6031,GBP,2024-04-25T05:05:40,Services
TXN0086,ACC006,ACC046,4165,EUR,2024-08-21T13:25:22,Goods purchase
TXN0087,ACC090,ACC055,8125,GBP,2024-03-27T04:17:05,Loan repayment
TXN0088,ACC087,ACC051,5345,USD,2024-12-19T19:48:10,Goods purchase
TXN0089,ACC047,ACC078,5914,GBP,2024-07-29T20:50:43,Loan repayment
TXN0090,ACC069,ACC046,1245,GBP,2024-02-19T18:00:23,Goods purchase
TXN0091,ACC081,ACC042,1636,USD,2024-03-25T01:53:54,Goods purchase
TXN0092,ACC092,ACC012,3885,GBP,2024-03-08T04:51:38,Services
TXN0093,ACC017,ACC087,979,EUR,2024-07-31T21:40:38,Goods purchase
TXN0094,ACC093,ACC048,5065,GBP,2024-12-15T02:14:16,Goods purchase
TXN0095,ACC044,ACC031,2673,USD,2024-10-26T00:37:16,Loan repayment
TXN0096,ACC035,ACC004,2993,GBP,2024-01-06T22:28:22,Loan repayment
TXN0097,ACC026,ACC035,4321,GBP,2024-01-08T19:13:36,Loan repayment
TXN0098,ACC086,ACC062,1618,EUR,2024-02-19T22:50:53,Salary
TXN0099,ACC053,ACC099,9774,EUR,2024-11-13T17:32:48,Services
TXN0100,ACC091,ACC060,8297,EUR,2024-05-02T08:40:30,Services
TXN0101,ACC019,ACC091,5414,USD,2024-07-04T04:08:50,Services
TXN0102,ACC086,ACC052,6413,EUR,2024-07-22T19:52:49,Loan repayment
TXN0103,ACC059,ACC006,1234,GBP,2024-03-12T22:48:30,Salary
TXN0104,ACC014,ACC013,3176,GBP,2024-11-28T18:51:31,Services
TXN0105,ACC028,ACC022,4821,EUR,2024-04-01T15:04:07,Loan repayment
TXN0106,ACC005,ACC097,1219,GBP,2024-05-19T04:12:04,Salary
TXN0107,ACC019,ACC070,4830,EUR,2024-03-20T03:45:47,Services
TXN0108,ACC086,ACC030,4318,USD,2024-07-28T22:23:23,Goods purchase
TXN0109,ACC053,ACC031,4745,GBP,2024-10-14T12:01:41,Loan repayment
TXN0110,ACC044,ACC074,1544,GBP,2024-12-04T06:02:02,Goods purchase
TXN0111,ACC002,ACC058,4576,USD,2024-11-06T22:43:45,Loan repayment
TXN0112,ACC011,ACC029,6308,USD,2024-09-22T15:45:39,Goods purchase
TXN0113,ACC077,ACC074,5544,USD,2024-12-07T19:17:05,Salary
TXN0114,ACC008,ACC077,5240,GBP,2024-04-15T14:39:33,Salary
TXN0115,ACC017,ACC008,9401,GBP,2024-08-26T08:42:37,Loan repayment
TXN0116,ACC094,ACC031,7556,GBP,2024-12-25T22:51:55,Goods purchase
TXN0117,ACC057,ACC046,1761,GBP,2024-07-07T16:05:07,Loan repayment
TXN0118,ACC014,ACC002,398,GBP,2024-11-13T23:19:14,Loan repayment
TXN0119,ACC041,ACC005,8843,EUR,2024-03-06T20:52:23,Loan repayment
TXN0120,ACC093,ACC013,8702,EUR,2024-03-24T13:47:23,Salary
TXN0121,ACC090,ACC097,5574,USD,2024-12-01T12:37:41,Salary
TXN0122,ACC006,ACC075,174,GBP,2024-02-05T15:08:40,Goods purchase
TXN0123,ACC057,ACC030,2775,USD,2024-01-06T16:11:07,Services
TXN0124,ACC048,ACC014,2999,EUR,2024-02-25T17:08:06,Services
TXN0125,ACC025,ACC078,533,USD,2024-03-04T10:38:11,Loan repayment
TXN0126,ACC056,ACC067,8547,EUR,2024-03-18T17:09:55,Loan repayment
TXN0127,ACC019,ACC035,8391,USD,2024-10-30T07:18:40,Services
TXN0128,ACC096,ACC097,1813,EUR,2024-02-10T06:09:44,Loan repayment
TXN0129,ACC078,ACC055,528,EUR,2024-03-11T19:59:48,Loan repayment
TXN0130,ACC083,ACC088,2668,EUR,2024-08-09T10:41:30,Services
TXN0131,ACC015,ACC070,7854,USD,2024-05-16T20:23:17,Loan repayment
TXN0132,ACC090,ACC094,7056,GBP,2024-03-24T23:51:52,Salary
TXN0133,ACC017,ACC066,2985,EUR,2024-07-02T10:49:24,Salary
TXN0134,ACC086,ACC065,5584,EUR,2024-08-21T06:30:45,Services
TXN0135,ACC100,ACC022,3411,USD,2024-05-01T07:15:53,Services
TXN0136,ACC049,ACC032,8799,EUR,2024-08-16T16:39:35,Salary
TXN0137,ACC064,ACC048,8339,USD,2024-09-07T17:24:06,Services
TXN0138,ACC021,ACC009,2050,GBP,2024-06-22T04:42:56,Services
TXN0139,ACC098,ACC084,7597,USD,2024-01-26T15:21:32,Loan repayment
TXN0140,ACC087,ACC086,117,EUR,2024-04-12T14:04:10,Loan repayment
TXN0141,ACC026,ACC067,2352,GBP,2024-03-21T05:37:10,Services
TXN0142,ACC094,ACC039,1292,USD,2024-10-05T00:54:20,Salary
TXN0143,ACC098,ACC037,2420,EUR,2024-02-19T20:31:13,Goods purchase
TXN0144,ACC010,ACC031,3059,GBP,2024-08-19T14:05:04,Salary
TXN0145,ACC009,ACC025,5697,GBP,2024-10-28T09:56:05,Goods purchase
TXN0146,ACC055,ACC060,380,USD,2024-08-30T12:59:30,Salary
TXN0147,ACC031,ACC066,5407,USD,2024-12-02T02:25:12,Loan repayment
TXN0148,ACC056,ACC009,4727,USD,2024-09-21T20:24:43,Loan repayment
TXN0149,ACC012,ACC031,8841,USD,2024-12-13T21:54:26,Salary
TXN0150,ACC044,ACC082,3955,GBP,2024-01-09T00:43:37,Loan repayment
TXN0151,ACC100,ACC046,5410,USD,2024-11-13T02:34:01,Services
TXN0152,ACC044,ACC067,7817,USD,2024-06-23T09:13:21,Salary
TXN0153,ACC070,ACC011,6007,EUR,2024-08-04T05:43:40,Goods purchase
TXN0154,ACC005,ACC020,2532,GBP,2024-11-01T08:48:06,Loan repayment
TXN0155,ACC026,ACC022,4143,EUR,2024-07-24T19:04:07,Goods purchase
TXN0156,ACC057,ACC019,1314,GBP,2024-11-04T13:57:39,Goods purchase
TXN0157,ACC012,ACC021,7676,USD,2024-06-29T23:46:38,Salary
TXN0158,ACC099,ACC016,9123,EUR,2024-09-20T01:27:03,Loan repayment
TXN0159,ACC098,ACC071,4261,GBP,2024-04-10T23:26:53,Salary
TXN0160,ACC035,ACC001,7761,USD,2024-02-04T06:18:13,Loan repayment
TXN0161,ACC029,ACC083,7049,USD,2024-06-07T16:53:24,Services
TXN0162,ACC040,ACC097,6549,EUR,2024-10-31T11:28:32,Salary
TXN0163,ACC002,ACC001,7919,USD,2024-05-07T00:47:49,Loan repayment
TXN0164,ACC012,ACC044,6284,EUR,2024-12-29T14:49:25,Services
TXN0165,ACC063,ACC010,4553,EUR,2024-04-23T10:39:22,Goods purchase
TXN0166,ACC055,ACC005,3605,EUR,2024-11-23T05:52:15,Salary
TXN0167,ACC049,ACC091,7135,USD,2024-10-18T05:05:31,Goods purchase
TXN0168,ACC091,ACC059,6684,GBP,2024-03-20T08:58:59,Salary
TXN0169,ACC089,ACC006,9945,EUR,2024-08-09T09:43:56,Loan repayment
TXN0170,ACC024,ACC053,2761,GBP,2024-06-05T07:51:30,Loan repayment
TXN0171,ACC068,ACC038,1545,GBP,2024-05-07T23:54:00,Services
TXN0172,ACC067,ACC088,5988,GBP,2024-07-02T23:04:09,Goods purchase
TXN0173,ACC065,ACC072,9318,USD,2024-02-11T11:33:13,Goods purchase
TXN0174,ACC012,ACC026,7564,GBP,2024-05-15T00:12:15,Goods purchase
TXN0175,ACC079,ACC002,6299,EUR,2024-03-10T06:57:29,Salary
TXN0176,ACC088,ACC016,4875,USD,2024-11-10T13:17:29,Services
TXN0177,ACC028,ACC042,8504,GBP,2024-02-09T14:27:18,Loan repayment
TXN0178,ACC023,ACC086,6789,EUR,2024-12-17T01:59:05,Goods purchase
TXN0179,ACC036,ACC013,7304,USD,2024-06-12T01:46:18,Loan repayment
TXN0180,ACC062,ACC028,2974,GBP,2024-01-20T22:50:10,Salary
TXN0181,ACC048,ACC038,4137,EUR,2024-03-30T05:33:02,Services
TXN0182,ACC044,ACC046,609,GBP,2024-10-23T01:14:16,Goods purchase
TXN0183,ACC021,ACC034,5974,EUR,2024-02-09T08:03:50,Goods purchase
TXN0184,ACC014,ACC094,9207,USD,2024-11-17T09:39:45,Services
TXN0185,ACC066,ACC027,3252,USD,2024-09-16T08:09:29,Goods purchase
TXN0186,ACC083,ACC018,3853,EUR,2024-04-23T03:36:46,Services
TXN0187,ACC090,ACC085,797,GBP,2024-04-21T02:49:49,Services
TXN0188,ACC011,ACC037,1853,EUR,2024-08-13T17:37:59,Salary
TXN0189,ACC046,ACC065,4457,EUR,2024-10-08T09:40:47,Salary
TXN0190,ACC008,ACC088,2768,GBP,2024-11-20T23:13:15,Goods purchase
TXN0191,ACC020,ACC090,5592,EUR,2024-05-24T20:01:01,Goods purchase
TXN0192,ACC099,ACC085,8463,USD,2024-01-17T11:19:03,Loan repayment
TXN0193,ACC070,ACC089,7038,USD,2024-08-16T17:00:53,Loan repayment
TXN0194,ACC070,ACC082,1431,GBP,2024-08-09T04:26:03,Salary
TXN0195,ACC015,ACC071,9667,EUR,2024-04-07T00:05:47,Loan repayment
TXN0196,ACC027,ACC021,3022,USD,2024-09-09T21:14:59,Salary
TXN0197,ACC001,ACC012,8154,GBP,2024-10-26T06:41:08,Services
TXN0198,ACC022,ACC006,1613,USD,2024-03-01T01:35:39,Loan repayment
TXN0199,ACC046,ACC016,660,USD,2024-02-18T23:47:06,Services
TXN0200,ACC083,ACC029,6306,GBP,2024-10-03T19:24:33,Loan repayment
TXN0201,ACC073,ACC050,185,GBP,2024-05-02T04:15:45,Services
TXN0202,ACC071,ACC097,5087,USD,2024-12-27T23:01:55,Services
TXN0203,ACC017,ACC033,4485,EUR,2024-08-14T07:36:27,Services
TXN0204,ACC100,ACC070,3096,EUR,2024-07-13T08:05:05,Salary
TXN0205,ACC083,ACC071,4045,GBP,2024-04-28T02:28:01,Loan repayment
TXN0206,ACC091,ACC013,6878,GBP,2024-05-12T00:33:36,Salary
TXN0207,ACC036,ACC070,9695,GBP,2024-08-07T23:36:50,Loan repayment
TXN0208,ACC013,ACC001,7170,GBP,2024-10-14T14:57:43,Goods purchase
TXN0209,ACC075,ACC053,3895,GBP,2024-08-09T17:04:56,Loan repayment
TXN0210,ACC095,ACC021,5186,EUR,2024-02-14T01:24:19,Loan repayment
TXN0211,ACC002,ACC014,4187,EUR,2024-07-19T21:04:09,Salary
TXN0212,ACC016,ACC009,990,GBP,2024-08-14T13:42:14,Salary
TXN0213,ACC011,ACC084,3057,GBP,2024-12-31T02:27:20,Loan repayment
TXN0214,ACC044,ACC081,7169,EUR,2024-10-16T13:25:15,Services
TXN0215,ACC080,ACC089,446,USD,2024-12-25T11:04:15,Services
TXN0216,ACC091,ACC008,9893,GBP,2024-02-16T19:00:24,Salary
TXN0217,ACC085,ACC075,9030,GBP,2024-02-21T14:40:07,Loan repayment
TXN0218,ACC085,ACC090,931,GBP,2024-08-29T13:56:27,Loan repayment
TXN0219,ACC085,ACC100,6081,USD,2024-11-20T10:06:20,Salary
TXN0220,ACC069,ACC008,4774,EUR,2024-12-12T17:55:37,Salary
TXN0221,ACC019,ACC070,2310,USD,2024-01-17T22:08:26,Goods purchase
TXN0222,ACC086,ACC010,6399,EUR,2024-04-09T22:30:58,Services
TXN0223,ACC078,ACC046,7503,EUR,2024-08-02T20:18:37,Services
TXN0224,ACC036,ACC058,9191,USD,2024-05-20T12:33:48,Goods purchase
TXN0225,ACC042,ACC069,7410,EUR,2024-08-30T21:57:17,Goods purchase
TXN0226,ACC098,ACC031,5365,GBP,2024-03-16T03:59:14,Salary
TXN0227,ACC082,ACC031,819,GBP,2024-06-08T02:24:21,Salary
TXN0228,ACC011,ACC067,2899,GBP,2024-11-02T22:59:12,Salary
TXN0229,ACC045,ACC038,3805,GBP,2024-06-02T06:46:50,Goods purchase
TXN0230,ACC088,ACC095,9376,EUR,2024-11-24T14:02:17,Loan repayment
TXN0231,ACC034,ACC080,8618,USD,2024-08-07T18:11:07,Goods purchase
TXN0232,ACC088,ACC093,6956,GBP,2024-04-17T02:33:00,Salary
TXN0233,ACC010,ACC067,7494,GBP,2024-08-28T06:51:19,Goods purchase
TXN0234,ACC052,ACC022,6490,USD,2024-06-19T09:07:56,Goods purchase
TXN0235,ACC062,ACC048,6429,GBP,2024-09-17T18:58:36,Salary
TXN0236,ACC005,ACC039,8699,EUR,2024-10-03T08:06:53,Salary
TXN0237,ACC068,ACC084,2070,GBP,2024-04-19T17:18:49,Services
TXN0238,ACC030,ACC079,8076,EUR,2024-01-13T16:21:29,Goods purchase
TXN0239,ACC014,ACC051,2317,GBP,2024-11-05T21:46:21,Goods purchase
TXN0240,ACC047,ACC031,6910,USD,2024-07-06T13:58:43,Goods purchase
TXN0241,ACC065,ACC014,9952,USD,2024-09-03T00:03:00,Loan repayment
TXN0242,ACC052,ACC079,4036,GBP,2024-03-02T10:48:48,Loan repayment
TXN0243,ACC088,ACC014,8633,EUR,2024-07-16T17:18:15,Services
TXN0244,ACC007,ACC087,8224,USD,2024-04-22T21:10:22,Loan repayment
TXN0245,ACC040,ACC004,6022,GBP,2024-10-25T00:23:52,Services
TXN0246,ACC094,ACC014,6730,GBP,2024-09-03T16:22:43,Salary
TXN0247,ACC078,ACC052,4984,EUR,2024-01-21T01:28:26,Services
TXN0248,ACC096,ACC045,1641,EUR,2024-10-02T22:15:11,Loan repayment
TXN0249,ACC070,ACC036,3010,EUR,2024-06-13T12:05:39,Salary
TXN0250,ACC077,ACC005,4497,GBP,2024-04-01T10:15:03,Goods purchase
TXN0251,ACC087,ACC061,4565,EUR,2024-01-27T18:06:08,Goods purchase
TXN0252,ACC014,ACC001,1651,GBP,2024-04-27T01:09:54,Loan repayment
TXN0253,ACC003,ACC043,2344,USD,2024-05-29T11:36:52,Goods purchase
TXN0254,ACC075,ACC021,3643,USD,2024-06-03T05:51:53,Goods purchase
TXN0255,ACC026,ACC041,2535,USD,2024-08-12T05:35:15,Salary
TXN0256,ACC037,ACC081,8761,USD,2024-04-28T21:24:12,Goods purchase
TXN0257,ACC068,ACC070,2428,GBP,2024-10-20T13:19:32,Salary
TXN0258,ACC089,ACC065,7164,USD,2024-04-30T21:06:50,Salary
TXN0259,ACC076,ACC009,4303,USD,2024-03-05T19:18:27,Goods purchase
TXN0260,ACC058,ACC090,597,USD,2024-06-26T22:47:00,Loan repayment
TXN0261,ACC032,ACC090,8732,EUR,2024-02-26T15:03:03,Services
TXN0262,ACC096,ACC048,6050,EUR,2024-02-03T11:53:05,Services
TXN0263,ACC019,ACC092,3670,GBP,2024-12-03T17:33:01,Salary
TXN0264,ACC044,ACC054,7779,EUR,2024-10-16T20:38:39,Salary
TXN0265,ACC095,ACC020,9683,EUR,2024-11-03T20:12:54,Loan repayment
TXN0266,ACC095,ACC099,4140,EUR,2024-04-22T22:54:39,Loan repayment
TXN0267,ACC067,ACC056,9788,EUR,2024-05-22T10:13:19,Goods purchase
TXN0268,ACC018,ACC007,6027,EUR,2024-05-26T01:41:04,Services
TXN0269,ACC097,ACC079,7266,EUR,2024-03-29T12:47:15,Services
TXN0270,ACC086,ACC002,9880,GBP,2024-12-07T22:30:19,Loan repayment
TXN0271,ACC014,ACC025,5465,EUR,2024-10-01T08:19:24,Loan repayment
TXN0272,ACC062,ACC050,1697,USD,2024-03-24T03:06:30,Goods purchase
TXN0273,ACC065,ACC090,1218,USD,2024-06-04T08:06:21,Salary
TXN0274,ACC066,ACC067,9060,USD,2024-07-29T04:48:49,Services
TXN0275,ACC099,ACC068,312,EUR,2024-12-21T15:27:00,Loan repayment
TXN0276,ACC051,ACC088,9300,USD,2024-08-27T00:51:52,Salary
TXN0277,ACC064,ACC084,5929,EUR,2024-06-11T01:30:59,Goods purchase
TXN0278,ACC034,ACC084,3278,EUR,2024-06-28T00:53:53,Services
TXN0279,ACC068,ACC064,2616,USD,2024-10-28T07:33:25,Loan repayment
TXN0280,ACC024,ACC099,8887,USD,2024-07-04T15:53:07,Services
TXN0281,ACC044,ACC021,8145,GBP,2024-05-13T14:44:56,Services
TXN0282,ACC077,ACC096,5089,USD,2024-08-06T21:58:50,Salary
TXN0283,ACC049,ACC053,4759,GBP,2024-01-03T00:25:47,Salary
TXN0284,ACC042,ACC038,6396,USD,2024-02-28T09:20:14,Services
TXN0285,ACC007,ACC004,4600,GBP,2024-06-16T00:45:25,Salary
TXN0286,ACC037,ACC027,8429,USD,2024-06-01T09:28:14,Loan repayment
TXN0287,ACC015,ACC050,2088,EUR,2024-09-08T23:48:41,Salary
TXN0288,ACC066,ACC090,660,EUR,2024-12-05T22:03:39,Goods purchase
TXN0289,ACC014,ACC037,776,EUR,2024-06-13T05:30:43,Salary
TXN0290,ACC055,ACC002,7452,GBP,2024-10-15T04:17:56,Salary
TXN0291,ACC059,ACC079,4241,EUR,2024-03-16T11:11:35,Services
TXN0292,ACC084,ACC069,4845,EUR,2024-06-02T02:10:15,Salary
TXN0293,ACC038,ACC003,9189,GBP,2024-03-13T12:25:27,Salary
TXN0294,ACC087,ACC017,9926,EUR,2024-04-01T21:14:12,Salary
TXN0295,ACC027,ACC046,6455,USD,2024-06-19T17:36:41,Goods purchase
TXN0296,ACC065,ACC072,8276,USD,2024-08-05T18:39:04,Goods purchase
TXN0297,ACC019,ACC091,4188,EUR,2024-07-16T11:52:45,Goods purchase
TXN0298,ACC040,ACC082,8730,GBP,2024-01-22T17:56:37,Salary
TXN0299,ACC028,ACC013,8013,EUR,2024-11-23T00:55:08,Goods purchase
TXN0300,ACC042,ACC013,8739,GBP,2024-02-29T23:07:15,Salary
TXN0301,ACC008,ACC079,4851,GBP,2024-08-07T23:46:14,Services
TXN0302,ACC010,ACC030,1399,EUR,2024-03-20T02:54:49,Salary
TXN0303,ACC058,ACC025,764,USD,2024-12-24T15:23:51,Salary
TXN0304,ACC040,ACC031,2345,EUR,2024-07-24T10:11:20,Loan repayment
TXN0305,ACC012,ACC026,390,GBP,2024-01-13T14:51:42,Salary
TXN0306,ACC026,ACC030,6267,GBP,2024-05-15T10:36:41,Services
TXN0307,ACC079,ACC062,926,USD,2024-03-06T13:19:36,Goods purchase
TXN0308,ACC036,ACC033,3510,USD,2024-09-07T16:42:24,Salary
TXN0309,ACC049,ACC010,5004,USD,2024-05-03T17:01:03,Salary
TXN0310,ACC033,ACC021,5711,GBP,2024-03-25T09:08:20,Loan repayment
TXN0311,ACC092,ACC012,6913,EUR,2024-01-28T21:54:56,Loan repayment
TXN0312,ACC046,ACC034,3117,EUR,2024-06-22T12:10:52,Salary
TXN0313,ACC100,ACC042,4860,GBP,2024-09-13T04:30:00,Services
TXN0314,ACC030,ACC033,1584,GBP,2024-04-09T06:41:08,Loan repayment
TXN0315,ACC067,ACC020,9789,USD,2024-08-29T12:30:16,Services
TXN0316,ACC088,ACC023,6008,EUR,2024-04-21T19:15:36,Salary
TXN0317,ACC096,ACC048,1195,EUR,2024-08-22T16:10:36,Salary
TXN0318,ACC035,ACC098,7751,EUR,2024-09-08T19:22:22,Loan repayment
TXN0319,ACC067,ACC026,473,GBP,2024-01-23T08:07:22,Services
TXN0320,ACC060,ACC034,7002,GBP,2024-02-23T20:43:03,Goods purchase
TXN0321,ACC034,ACC011,5554,GBP,2024-02-12T04:25:19,Goods purchase
TXN0322,ACC050,ACC048,3179,EUR,2024-06-11T08:41:11,Salary
TXN0323,ACC047,ACC010,6166,GBP,2024-07-28T00:22:09,Services
TXN0324,ACC011,ACC038,8944,EUR,2024-09-04T23:40:08,Loan repayment
TXN0325,ACC083,ACC031,5125,GBP,2024-12-01T10:11:40,Goods purchase
TXN0326,ACC053,ACC070,8061,USD,2024-05-23T05:31:18,Goods purchase
TXN0327,ACC032,ACC008,5729,EUR,2024-09-13T21:53:14,Salary
TXN0328,ACC066,ACC084,9105,GBP,2024-05-08T07:08:30,Services
TXN0329,ACC014,ACC026,6372,EUR,2024-12-22T21:38:18,Services
TXN0330,ACC042,ACC012,377,GBP,2024-05-07T18:37:12,Loan repayment
TXN0331,ACC019,ACC065,4896,EUR,2024-08-08T22:16:32,Goods purchase
TXN0332,ACC017,ACC095,9041,EUR,2024-10-27T16:10:50,Loan repayment
TXN0333,ACC067,ACC092,6150,EUR,2024-10-31T16:50:07,Salary
TXN0334,ACC020,ACC060,6246,USD,2024-09-20T03:40:34,Salary
TXN0335,ACC010,ACC050,187,USD,2024-07-14T21:15:18,Loan repayment
TXN0336,ACC088,ACC022,1922,GBP,2024-07-01T21:21:53,Goods purchase
TXN0337,ACC016,ACC091,7322,GBP,2024-03-07T15:03:40,Services
TXN0338,ACC076,ACC054,5553,GBP,2024-05-22T00:06:21,Services
TXN0339,ACC061,ACC036,9046,USD,2024-09-15T03:23:32,Loan repayment
TXN0340,ACC018,ACC014,8431,USD,2024-08-29T05:46:55,Salary
TXN0341,ACC093,ACC034,4161,EUR,2024-02-28T14:29:56,Services
TXN0342,ACC077,ACC059,9780,USD,2024-09-09T05:35:45,Salary
TXN0343,ACC080,ACC049,1046,EUR,2024-08-09T09:35:02,Goods purchase
TXN0344,ACC059,ACC024,9256,GBP,2024-01-04T21:07:44,Loan repayment
TXN0345,ACC023,ACC077,5491,GBP,2024-11-20T05:55:46,Goods purchase
TXN0346,ACC025,ACC023,2480,USD,2024-07-22T12:28:34,Loan repayment
TXN0347,ACC027,ACC086,5751,USD,2024-05-24T10:12:43,Salary
TXN0348,ACC095,ACC009,8643,USD,2024-01-13T17:10:35,Goods purchase
TXN0349,ACC098,ACC090,2821,USD,2024-04-15T16:51:23,Loan repayment
TXN0350,ACC084,ACC026,3192,GBP,2024-05-29T09:57:12,Services
TXN0351,ACC040,ACC074,1895,GBP,2024-01-29T11:28:23,Goods purchase
TXN0352,ACC014,ACC058,7568,EUR,2024-02-01T08:28:32,Salary
TXN0353,ACC019,ACC006,9845,GBP,2024-07-18T10:18:09,Salary
TXN0354,ACC037,ACC087,6421,EUR,2024-08-24T22:25:23,Goods purchase
TXN0355,ACC008,ACC098,3605,USD,2024-04-22T14:51:25,Salary
TXN0356,ACC047,ACC088,5328,GBP,2024-02-23T02:04:35,Goods purchase
TXN0357,ACC024,ACC042,140,EUR,2024-08-19T07:02:56,Services
TXN0358,ACC058,ACC059,8312,EUR,2024-02-21T10:39:44,Loan repayment
TXN0359,ACC093,ACC009,789,EUR,2024-09-28T18:07:35,Salary
TXN0360,ACC078,ACC005,294,USD,2024-01-11T11:36:57,Loan repayment
TXN0361,ACC055,ACC086,2573,GBP,2024-05-07T08:39:22,Salary
TXN0362,ACC014,ACC067,7854,USD,2024-10-15T06:00:02,Loan repayment
TXN0363,ACC067,ACC051,7310,USD,2024-03-31T23:31:55,Loan repayment
TXN0364,ACC003,ACC028,4063,USD,2024-08-22T16:35:22,Goods purchase
TXN0365,ACC082,ACC043,311,USD,2024-01-13T18:21:36,Salary
TXN0366,ACC066,ACC082,4705,EUR,2024-11-19T22:53:45,Loan repayment
TXN0367,ACC086,ACC038,8671,USD,2024-02-08T08:13:21,Services
TXN0368,ACC001,ACC008,9533,USD,2024-05-23T03:52:05,Services
TXN0369,ACC092,ACC026,7333,EUR,2024-04-07T06:45:21,Loan repayment
TXN0370,ACC083,ACC077,770,USD,2024-11-11T20:29:18,Goods purchase
TXN0371,ACC034,ACC032,2117,EUR,2024-06-13T13:14:49,Loan repayment
TXN0372,ACC056,ACC076,4746,EUR,2024-09-22T22:26:47,Services
TXN0373,ACC023,ACC043,6857,USD,2024-06-21T05:33:05,Salary
TXN0374,ACC093,ACC013,2491,USD,2024-02-25T16:45:14,Services
TXN0375,ACC004,ACC088,7168,GBP,2024-11-08T18:38:04,Goods purchase
TXN0376,ACC043,ACC052,7831,GBP,2024-02-26T05:07:10,Salary
TXN0377,ACC084,ACC077,4503,EUR,2024-07-27T18:47:50,Services
TXN0378,ACC041,ACC046,9721,GBP,2024-01-14T17:53:01,Goods purchase
TXN0379,ACC042,ACC023,2306,USD,2024-12-03T06:08:09,Goods purchase
TXN0380,ACC067,ACC022,5871,USD,2024-04-30T09:19:26,Salary
TXN0381,ACC092,ACC018,4979,USD,2024-05-18T18:59:41,Salary
TXN0382,ACC010,ACC057,2836,USD,2024-08-11T10:31:54,Goods purchase
TXN0383,ACC039,ACC071,8731,EUR,2024-01-16T21:32:34,Services
TXN0384,ACC045,ACC004,8146,GBP,2024-08-14T06:46:16,Goods purchase
TXN0385,ACC061,ACC092,8624,USD,2024-03-25T15:38:46,Loan repayment
TXN0386,ACC061,ACC016,1484,USD,2024-10-01T11:42:08,Salary
TXN0387,ACC083,ACC009,5624,GBP,2024-09-06T04:13:24,Goods purchase
TXN0388,ACC074,ACC063,5536,GBP,2024-03-14T07:33:07,Services
TXN0389,ACC051,ACC073,5142,GBP,2024-04-26T17:53:23,Goods purchase
TXN0390,ACC073,ACC029,423,GBP,2024-05-06T13:40:32,Loan repayment
TXN0391,ACC017,ACC015,9986,EUR,2024-09-24T08:18:49,Goods purchase
TXN0392,ACC046,ACC003,9236,EUR,2024-07-09T19:35:30,Goods purchase
TXN0393,ACC015,ACC065,3521,GBP,2024-01-21T11:34:25,Loan repayment
TXN0394,ACC042,ACC052,8415,EUR,2024-04-22T13:58:35,Salary
TXN0395,ACC022,ACC097,361,USD,2024-06-05T05:35:59,Salary
TXN0396,ACC059,ACC087,6947,EUR,2024-03-11T06:20:08,Goods purchase
TXN0397,ACC095,ACC018,9257,EUR,2024-12-24T14:14:41,Loan repayment
TXN0398,ACC081,ACC013,3523,USD,2024-06-24T20:10:43,Loan repayment
TXN0399,ACC087,ACC051,4765,GBP,2024-09-26T23:53:47,Salary
TXN0400,ACC001,ACC089,9660,USD,2024-01-18T03:53:23,Loan repayment
TXN0401,ACC054,ACC001,6894,USD,2024-11-01T22:31:14,Salary
TXN0402,ACC036,ACC041,9315,USD,2024-10-08T09:09:24,Services
TXN0403,ACC027,ACC080,3167,USD,2024-01-29T20:52:05,Salary
TXN0404,ACC083,ACC090,6585,USD,2024-12-07T20:34:45,Loan repayment
TXN0405,ACC049,ACC030,7459,GBP,2024-03-07T08:00:12,Services
TXN0406,ACC052,ACC007,3665,GBP,2024-03-16T19:29:56,Services
TXN0407,ACC023,ACC069,3974,USD,2024-11-09T10:33:40,Goods purchase
TXN0408,ACC013,ACC007,6897,GBP,2024-01-04T21:47:04,Services
TXN0409,ACC070,ACC090,4688,USD,2024-10-29T10:25:45,Goods purchase
TXN0410,ACC073,ACC009,274,USD,2024-12-12T18:39:31,Salary
TXN0411,ACC071,ACC097,4689,USD,2024-06-29T14:04:08,Salary
TXN0412,ACC057,ACC090,8757,EUR,2024-01-02T00:21:56,Loan repayment
TXN0413,ACC033,ACC028,6648,USD,2024-07-01T16:50:31,Goods purchase
TXN0414,ACC088,ACC094,3837,GBP,2024-06-17T15:54:24,Goods purchase
TXN0415,ACC070,ACC022,8761,EUR,2024-06-22T13:25:44,Goods purchase
TXN0416,ACC044,ACC075,2749,USD,2024-07-14T21:14:38,Services
TXN0417,ACC072,ACC033,4402,EUR,2024-11-25T06:17:48,Services
TXN0418,ACC024,ACC063,6709,EUR,2024-10-08T12:09:17,Goods purchase
TXN0419,ACC066,ACC035,439,EUR,2024-12-24T11:40:13,Loan repayment
TXN0420,ACC061,ACC099,2262,EUR,2024-06-26T20:09:13,Loan repayment
TXN0421,ACC085,ACC024,6012,GBP,2024-07-15T13:19:46,Goods purchase
TXN0422,ACC036,ACC010,1414,GBP,2024-05-05T10:06:14,Services
TXN0423,ACC016,ACC033,3452,USD,2024-08-01T19:16:01,Goods purchase
TXN0424,ACC090,ACC019,1987,EUR,2024-05-30T17:52:39,Salary
TXN0425,ACC072,ACC021,822,GBP,2024-01-09T16:05:55,Loan repayment
TXN0426,ACC019,ACC096,9122,USD,2024-09-06T09:13:19,Salary
TXN0427,ACC039,ACC057,578,GBP,2024-02-02T09:42:11,Services
TXN0428,ACC091,ACC002,656,EUR,2024-04-15T18:29:07,Loan repayment
TXN0429,ACC097,ACC030,5215,GBP,2024-09-06T15:37:58,Goods purchase
TXN0430,ACC044,ACC007,6858,USD,2024-08-11T03:57:50,Goods purchase
TXN0431,ACC063,ACC080,6262,USD,2024-12-10T14:18:17,Goods purchase
TXN0432,ACC071,ACC012,5222,EUR,2024-03-02T00:54:54,Goods purchase
TXN0433,ACC078,ACC045,9726,EUR,2024-10-27T00:31:05,Loan repayment
TXN0434,ACC002,ACC003,7562,GBP,2024-01-02T11:40:28,Loan repayment
TXN0435,ACC044,ACC097,135,USD,2024-02-22T06:18:38,Salary
TXN0436,ACC003,ACC023,6285,GBP,2024-11-28T06:49:13,Services
TXN0437,ACC086,ACC070,9890,GBP,2024-03-05T13:55:03,Loan repayment
TXN0438,ACC006,ACC073,6714,EUR,2024-04-03T21:05:23,Goods purchase
TXN0439,ACC100,ACC007,9756,USD,2024-10-16T18:09:59,Services
TXN0440,ACC004,ACC083,9554,GBP,2024-04-07T16:36:59,Goods purchase
TXN0441,ACC001,ACC023,8587,USD,2024-01-16T08:07:29,Goods purchase
TXN0442,ACC021,ACC073,2236,GBP,2024-07-14T11:09:37,Services
TXN0443,ACC075,ACC096,6979,EUR,2024-11-30T19:52:32,Salary
TXN0444,ACC019,ACC023,442,USD,2024-01-18T18:25:22,Services
TXN0445,ACC025,ACC100,8827,EUR,2024-12-24T17:54:48,Salary
TXN0446,ACC045,ACC031,799,GBP,2024-12-28T05:18:44,Services
TXN0447,ACC100,ACC060,7872,USD,2024-06-10T17:11:52,Loan repayment
TXN0448,ACC013,ACC010,8501,EUR,2024-08-13T23:07:49,Salary
TXN0449,ACC096,ACC045,1818,EUR,2024-12-17T05:17:07,Salary
TXN0450,ACC046,ACC002,7013,USD,2024-07-29T23:36:43,Loan repayment
TXN0451,ACC097,ACC083,621,EUR,2024-10-30T01:58:31,Services
TXN0452,ACC002,ACC032,2160,USD,2024-01-23T02:22:06,Services
TXN0453,ACC048,ACC003,8061,GBP,2024-09-28T00:07:01,Goods purchase
TXN0454,ACC049,ACC063,6218,GBP,2024-01-24T03:55:23,Goods purchase
TXN0455,ACC065,ACC036,9080,USD,2024-12-08T13:06:40,Services
TXN0456,ACC002,ACC028,2984,GBP,2024-03-04T01:25:54,Services
TXN0457,ACC016,ACC093,244,GBP,2024-10-06T04:47:07,Salary
TXN0458,ACC079,ACC019,6235,GBP,2024-07-06T03:30:42,Loan repayment
TXN0459,ACC073,ACC034,316,EUR,2024-04-09T11:06:40,Salary
TXN0460,ACC062,ACC014,7659,GBP,2024-09-20T11:30:50,Goods purchase
TXN0461,ACC007,ACC032,7135,USD,2024-12-21T06:28:09,Goods purchase
TXN0462,ACC031,ACC069,2928,GBP,2024-11-30T21:13:43,Loan repayment
TXN0463,ACC072,ACC047,5332,EUR,2024-07-23T14:53:50,Services
TXN0464,ACC049,ACC023,282,USD,2024-01-31T20:51:42,Services
TXN0465,ACC047,ACC007,7905,GBP,2024-06-09T17:17:45,Services
TXN0466,ACC009,ACC003,7295,EUR,2024-12-19T04:47:48,Loan repayment
TXN0467,ACC058,ACC052,5699,GBP,2024-05-12T17:40:19,Goods purchase
TXN0468,ACC060,ACC062,7417,GBP,2024-12-20T06:21:28,Services
TXN0469,ACC048,ACC074,5144,GBP,2024-05-20T06:50:39,Loan repayment
TXN0470,ACC027,ACC011,6900,GBP,2024-06-24T00:43:15,Goods purchase
TXN0471,ACC053,ACC090,9974,EUR,2024-06-30T09:19:51,Services
TXN0472,ACC014,ACC019,1291,GBP,2024-09-14T22:56:48,Loan repayment
TXN0473,ACC024,ACC055,2882,EUR,2024-10-17T09:36:56,Salary
TXN0474,ACC065,ACC099,9216,USD,2024-08-02T05:10:01,Salary
TXN0475,ACC048,ACC084,9345,GBP,2024-11-19T20:30:39,Loan repayment
TXN0476,ACC001,ACC005,524,EUR,2024-10-02T02:06:34,Salary
TXN0477,ACC088,ACC024,8685,GBP,2024-06-16T21:39:20,Goods purchase
TXN0478,ACC060,ACC091,3584,EUR,2024-11-21T10:15:22,Goods purchase
TXN0479,ACC080,ACC073,5776,USD,2024-02-25T17:55:44,Goods purchase
TXN0480,ACC084,ACC083,1020,EUR,2024-09-02T14:54:41,Loan repayment
TXN0481,ACC094,ACC098,1641,USD,2024-11-11T09:23:23,Services
TXN0482,ACC024,ACC052,4777,EUR,2024-05-22T15:54:03,Services
TXN0483,ACC015,ACC065,8547,GBP,2024-11-27T01:29:01,Goods purchase
TXN0484,ACC060,ACC018,8777,GBP,2024-09-08T03:40:52,Salary
TXN0485,ACC007,ACC078,5172,EUR,2024-02-27T18:55:53,Loan repayment
TXN0486,ACC064,ACC055,7126,EUR,2024-02-10T22:42:06,Loan repayment
TXN0487,ACC043,ACC032,9832,GBP,2024-02-24T10:26:05,Salary
TXN0488,ACC011,ACC055,9207,GBP,2024-01-03T13:47:46,Services
TXN0489,ACC013,ACC087,6042,EUR,2024-07-27T23:07:45,Goods purchase
TXN0490,ACC045,ACC097,6972,GBP,2024-09-13T13:05:20,Goods purchase
TXN0491,ACC039,ACC051,2066,GBP,2024-12-25T09:35:14,Goods purchase
TXN0492,ACC020,ACC062,143,GBP,2024-04-18T13:45:48,Services
TXN0493,ACC037,ACC015,8623,EUR,2024-05-14T22:54:57,Salary
TXN0494,ACC068,ACC019,3263,GBP,2024-08-11T04:55:00,Loan repayment
TXN0495,ACC021,ACC056,1254,GBP,2024-11-09T04:22:51,Loan repayment
TXN0496,ACC040,ACC028,4635,USD,2024-04-15T09:36:56,Services
TXN0497,ACC099,ACC017,4843,GBP,2024-10-03T04:39:14,Loan repayment
TXN0498,ACC044,ACC091,6261,USD,2024-02-09T14:30:44,Services
TXN0499,ACC058,ACC079,1308,USD,2024-11-19T20:12:21,Loan repayment
TXN0500,ACC046,ACC014,4962,EUR,2024-03-10T19:11:44,Loan repayment
TXN0501,ACC099,ACC028,9433,EUR,2024-02-06T12:34:05,Salary
TXN0502,ACC031,ACC046,4666,EUR,2024-08-29T01:42:37,Loan repayment
TXN0503,ACC081,ACC032,3667,GBP,2024-01-06T01:23:20,Loan repayment
TXN0504,ACC035,ACC079,3934,USD,2024-04-27T19:57:11,Salary
TXN0505,ACC045,ACC083,531,USD,2024-05-21T22:17:41,Salary
TXN0506,ACC053,ACC002,1560,USD,2024-09-24T10:33:14,Loan repayment
TXN0507,ACC097,ACC045,7848,USD,2024-11-24T15:54:13,Goods purchase
TXN0508,ACC015,ACC023,5125,EUR,2024-11-16T05:55:17,Loan repayment
TXN0509,ACC087,ACC084,3503,USD,2024-08-12T04:54:11,Services
TXN0510,ACC023,ACC077,4938,USD,2024-06-08T10:55:15,Salary
TXN0511,ACC040,ACC035,4012,EUR,2024-11-16T23:41:00,Loan repayment
TXN0512,ACC050,ACC042,3125,USD,2024-08-13T23:59:47,Services
TXN0513,ACC053,ACC072,7573,USD,2024-08-27T05:24:39,Services
TXN0514,ACC067,ACC005,1103,USD,2024-12-16T21:17:01,Goods purchase
TXN0515,ACC018,ACC046,9311,EUR,2024-05-05T11:51:46,Loan repayment
TXN0516,ACC051,ACC038,7732,EUR,2024-11-27T15:55:35,Goods purchase
TXN0517,ACC080,ACC034,6669,GBP,2024-11-01T20:12:29,Loan repayment
TXN0518,ACC011,ACC098,4178,GBP,2024-07-20T16:23:00,Salary
TXN0519,ACC077,ACC030,7597,EUR,2024-02-04T13:36:03,Loan repayment
TXN0520,ACC013,ACC023,8713,GBP,2024-05-30T10:41:23,Goods purchase
TXN0521,ACC007,ACC050,8055,GBP,2024-11-14T12:44:00,Services
TXN0522,ACC032,ACC031,3569,GBP,2024-01-30T20:52:36,Salary
TXN0523,ACC004,ACC090,8357,GBP,2024-08-05T22:10:44,Loan repayment
TXN0524,ACC087,ACC028,9314,USD,2024-11-18T07:13:33,Services
TXN0525,ACC069,ACC037,6899,USD,2024-07-02T02:06:28,Services
TXN0526,ACC040,ACC007,7761,EUR,2024-09-27T12:01:10,Loan repayment
TXN0527,ACC031,ACC015,991,EUR,2024-12-24T18:24:41,Loan repayment
TXN0528,ACC018,ACC081,501,EUR,2024-01-24T03:18:14,Services
TXN0529,ACC093,ACC001,422,GBP,2024-08-27T01:30:41,Salary
TXN0530,ACC079,ACC039,3488,USD,2024-11-26T15:20:48,Goods purchase
TXN0531,ACC028,ACC047,7773,EUR,2024-08-24T10:53:45,Salary
TXN0532,ACC088,ACC095,4580,GBP,2024-07-02T23:02:35,Services
TXN0533,ACC079,ACC033,2703,USD,2024-01-04T06:27:57,Loan repayment
TXN0534,ACC056,ACC072,4137,USD,2024-01-26T23:53:28,Goods purchase
TXN0535,ACC039,ACC054,6896,EUR,2024-05-11T13:32:47,Salary
TXN0536,ACC027,ACC021,9678,USD,2024-03-10T02:21:28,Services
TXN0537,ACC025,ACC094,4664,GBP,2024-09-30T11:49:13,Salary
TXN0538,ACC043,ACC094,9813,GBP,2024-12-29T18:32:34,Services
TXN0539,ACC002,ACC045,8277,GBP,2024-01-22T12:21:56,Salary
TXN0540,ACC072,ACC066,5579,GBP,2024-04-07T09:32:22,Salary
TXN0541,ACC055,ACC100,2037,EUR,2024-07-05T08:11:12,Salary
TXN0542,ACC033,ACC038,6048,GBP,2024-06-06T03:38:49,Goods purchase
TXN0543,ACC039,ACC100,9536,GBP,2024-12-20T05:33:12,Services
TXN0544,ACC045,ACC041,9592,GBP,2024-08-01T23:49:59,Services
TXN0545,ACC058,ACC079,9091,EUR,2024-02-19T16:35:22,Loan repayment
TXN0546,ACC071,ACC098,5482,USD,2024-05-19T11:22:53,Salary
TXN0547,ACC082,ACC069,9593,GBP,2024-02-18T08:46:03,Loan repayment
TXN0548,ACC001,ACC004,520,EUR,2024-02-11T13:34:54,Services
TXN0549,ACC090,ACC076,939,GBP,2024-08-03T17:32:03,Services
TXN0550,ACC027,ACC051,1088,GBP,2024-08-17T09:57:09,Goods purchase
TXN0551,ACC020,ACC014,5117,EUR,2024-01-29T04:17:25,Goods purchase
TXN0552,ACC003,ACC007,6935,GBP,2024-06-19T14:43:58,Services
TXN0553,ACC041,ACC094,8288,USD,2024-11-20T06:32:47,Loan repayment
TXN0554,ACC006,ACC027,7771,GBP,2024-06-15T06:11:54,Salary
TXN0555,ACC067,ACC036,9401,USD,2024-02-23T00:16:19,Loan repayment
TXN0556,ACC051,ACC070,9381,USD,2024-11-23T17:28:24,Services
TXN0557,ACC050,ACC067,8068,USD,2024-01-14T18:42:08,Loan repayment
TXN0558,ACC012,ACC071,5796,EUR,2024-02-16T20:48:21,Salary
TXN0559,ACC082,ACC026,9391,EUR,2024-10-21T22:36:01,Goods purchase
TXN0560,ACC070,ACC078,6296,GBP,2024-12-08T14:09:14,Goods purchase
TXN0561,ACC085,ACC093,6001,GBP,2024-03-24T20:07:39,Salary
TXN0562,ACC003,ACC017,1808,EUR,2024-08-22T15:24:39,Goods purchase
TXN0563,ACC016,ACC048,9952,GBP,2024-01-26T03:46:22,Services
TXN0564,ACC071,ACC077,5461,GBP,2024-03-26T03:33:33,Services
TXN0565,ACC022,ACC039,7082,USD,2024-11-02T01:01:39,Salary
TXN0566,ACC011,ACC088,2351,EUR,2024-03-31T09:05:58,Salary
TXN0567,ACC025,ACC010,3654,GBP,2024-02-26T17:12:35,Salary
TXN0568,ACC098,ACC017,6265,EUR,2024-06-05T04:12:24,Salary
TXN0569,ACC020,ACC014,8036,USD,2024-11-24T02:47:15,Loan repayment
TXN0570,ACC018,ACC020,1005,USD,2024-05-18T23:14:18,Loan repayment
TXN0571,ACC020,ACC059,4730,EUR,2024-05-02T00:15:39,Loan repayment
TXN0572,ACC099,ACC046,3299,EUR,2024-04-16T20:00:58,Goods purchase
TXN0573,ACC007,ACC001,8325,EUR,2024-09-25T21:00:21,Goods purchase
TXN0574,ACC084,ACC025,8759,USD,2024-08-18T11:05:55,Services
TXN0575,ACC041,ACC047,1317,EUR,2024-03-26T02:47:56,Loan repayment
TXN0576,ACC084,ACC069,5906,EUR,2024-09-27T22:06:33,Goods purchase
TXN0577,ACC058,ACC028,1823,GBP,2024-05-28T08:53:52,Salary
TXN0578,ACC031,ACC027,9060,USD,2024-02-07T11:35:42,Goods purchase
TXN0579,ACC005,ACC043,3215,USD,2024-02-22T18:02:39,Loan repayment
TXN0580,ACC005,ACC071,4854,USD,2024-08-18T23:11:37,Goods purchase
TXN0581,ACC057,ACC039,3967,USD,2024-10-02T22:39:49,Goods purchase
TXN0582,ACC082,ACC100,4937,USD,2024-07-16T11:50:58,Loan repayment
TXN0583,ACC024,ACC086,6823,USD,2024-06-29T23:18:25,Goods purchase
TXN0584,ACC002,ACC015,9610,GBP,2024-07-04T04:54:13,Services
TXN0585,ACC030,ACC001,6154,EUR,2024-11-08T06:01:54,Services
TXN0586,ACC073,ACC019,6311,USD,2024-08-06T23:16:08,Goods purchase
TXN0587,ACC032,ACC092,6722,EUR,2024-06-27T07:45:41,Loan repayment
TXN0588,ACC089,ACC056,9467,GBP,2024-09-30T13:19:05,Salary
TXN0589,ACC002,ACC044,917,EUR,2024-06-21T10:54:08,Services
TXN0590,ACC068,ACC006,4657,GBP,2024-12-21T00:42:40,Goods purchase
TXN0591,ACC037,ACC065,2850,EUR,2024-11-01T17:07:04,Services
TXN0592,ACC015,ACC009,843,EUR,2024-02-22T01:16:03,Services
TXN0593,ACC019,ACC067,4213,GBP,2024-08-06T08:13:26,Loan repayment
TXN0594,ACC017,ACC067,4294,USD,2024-04-05T12:49:23,Goods purchase
TXN0595,ACC057,ACC013,3264,USD,2024-06-18T21:39:30,Services
TXN0596,ACC039,ACC035,8092,GBP,2024-08-26T07:27:28,Services
TXN0597,ACC026,ACC005,7891,EUR,2024-07-02T06:26:07,Salary
TXN0598,ACC063,ACC100,4206,USD,2024-03-24T06:57:43,Loan repayment
TXN0599,ACC005,ACC006,1047,USD,2024-04-07T08:16:36,Salary
TXN0600,ACC003,ACC086,9232,USD,2024-09-22T08:14:28,Goods purchase
TXN0601,ACC055,ACC100,7427,EUR,2024-05-24T14:43:50,Salary
TXN0602,ACC011,ACC099,5206,GBP,2024-07-31T14:25:18,Goods purchase
TXN0603,ACC021,ACC016,7694,GBP,2024-11-06T00:28:30,Salary
TXN0604,ACC056,ACC041,539,EUR,2024-05-20T10:39:49,Services
TXN0605,ACC007,ACC056,4138,EUR,2024-06-08T23:49:17,Services
TXN0606,ACC001,ACC008,8774,EUR,2024-05-29T19:56:24,Goods purchase
TXN0607,ACC013,ACC055,1322,EUR,2024-01-23T21:07:31,Salary
TXN0608,ACC001,ACC064,8405,USD,2024-03-03T11:06:08,Loan repayment
TXN0609,ACC092,ACC045,2727,GBP,2024-01-27T01:12:40,Goods purchase
TXN0610,ACC052,ACC031,5345,GBP,2024-06-20T04:47:37,Services
TXN0611,ACC049,ACC033,7411,EUR,2024-03-10T03:51:58,Salary
TXN0612,ACC084,ACC023,8977,USD,2024-02-08T15:51:08,Services
TXN0613,ACC043,ACC040,5901,GBP,2024-07-08T09:46:14,Services
TXN0614,ACC068,ACC060,7336,USD,2024-12-30T09:01:23,Services
TXN0615,ACC065,ACC075,218,GBP,2024-11-28T10:33:46,Services
TXN0616,ACC070,ACC038,8816,GBP,2024-02-17T20:06:15,Salary
TXN0617,ACC045,ACC065,3985,EUR,2024-11-30T00:32:19,Services
TXN0618,ACC065,ACC007,5711,EUR,2024-05-03T17:20:54,Services
TXN0619,ACC051,ACC038,2027,EUR,2024-02-19T05:57:52,Goods purchase
TXN0620,ACC046,ACC096,2726,EUR,2024-06-03T13:50:52,Loan repayment
TXN0621,ACC045,ACC002,7309,EUR,2024-11-18T21:02:39,Loan repayment
TXN0622,ACC037,ACC083,8057,EUR,2024-01-14T13:19:37,Services
TXN0623,ACC058,ACC049,3224,EUR,2024-08-07T12:04:10,Salary
TXN0624,ACC021,ACC093,4520,GBP,2024-07-10T08:55:22,Goods purchase
TXN0625,ACC056,ACC047,3074,USD,2024-02-22T07:57:21,Services
TXN0626,ACC068,ACC001,5474,GBP,2024-04-07T20:41:00,Loan repayment
TXN0627,ACC064,ACC068,271,EUR,2024-05-12T06:32:42,Services
TXN0628,ACC073,ACC068,1099,EUR,2024-12-08T04:14:31,Loan repayment
TXN0629,ACC070,ACC007,6956,USD,2024-07-23T03:40:50,Goods purchase
TXN0630,ACC011,ACC006,9655,USD,2024-12-29T14:09:39,Salary
TXN0631,ACC054,ACC088,711,USD,2024-04-09T00:00:08,Salary
TXN0632,ACC096,ACC098,9028,EUR,2024-03-27T17:37:25,Services
TXN0633,ACC021,ACC075,1073,USD,2024-12-02T07:25:07,Goods purchase
TXN0634,ACC030,ACC063,4538,USD,2024-01-24T19:46:29,Goods purchase
TXN0635,ACC024,ACC034,9124,GBP,2024-07-19T13:05:36,Salary
TXN0636,ACC076,ACC027,231,GBP,2024-08-31T21:10:25,Loan repayment
TXN0637,ACC020,ACC017,1675,GBP,2024-08-14T14:24:28,Salary
TXN0638,ACC053,ACC085,2409,USD,2024-04-03T07:10:27,Salary
TXN0639,ACC073,ACC041,1775,GBP,2024-03-26T16:42:18,Goods purchase
TXN0640,ACC013,ACC004,8653,GBP,2024-03-09T06:30:33,Loan repayment
TXN0641,ACC085,ACC055,1413,EUR,2024-06-12T08:13:33,Loan repayment
TXN0642,ACC075,ACC085,1886,USD,2024-11-20T05:23:55,Loan repayment
TXN0643,ACC008,ACC064,8831,GBP,2024-10-27T22:10:10,Salary
TXN0644,ACC085,ACC032,5822,EUR,2024-07-03T02:44:40,Loan repayment
TXN0645,ACC081,ACC030,7184,EUR,2024-07-18T16:17:03,Goods purchase
TXN0646,ACC060,ACC064,7132,GBP,2024-12-05T16:33:42,Services
TXN0647,ACC043,ACC019,7213,EUR,2024-04-06T22:45:21,Services
TXN0648,ACC070,ACC016,6363,GBP,2024-07-13T22:40:03,Loan repayment
TXN0649,ACC018,ACC095,7261,EUR,2024-06-20T20:31:09,Goods purchase
TXN0650,ACC090,ACC061,2409,USD,2024-10-27T19:54:13,Goods purchase
TXN0651,ACC055,ACC079,6657,USD,2024-08-19T15:54:29,Goods purchase
TXN0652,ACC058,ACC089,8062,USD,2024-11-01T12:16:18,Salary
TXN0653,ACC005,ACC049,921,EUR,2024-07-17T19:11:37,Goods purchase
TXN0654,ACC040,ACC036,1970,EUR,2024-04-26T16:02:14,Goods purchase
TXN0655,ACC053,ACC008,6957,GBP,2024-02-07T11:22:15,Loan repayment
TXN0656,ACC061,ACC009,7755,GBP,2024-07-25T15:23:41,Services
TXN0657,ACC015,ACC088,5642,USD,2024-12-01T13:33:04,Goods purchase
TXN0658,ACC011,ACC087,4986,USD,2024-02-04T20:31:39,Salary
TXN0659,ACC023,ACC032,2457,USD,2024-07-06T02:20:54,Salary
TXN0660,ACC023,ACC084,753,USD,2024-11-20T10:03:14,Goods purchase
TXN0661,ACC029,ACC046,2281,EUR,2024-02-19T19:41:44,Loan repayment
TXN0662,ACC057,ACC072,3292,GBP,2024-06-09T09:38:09,Loan repayment
TXN0663,ACC051,ACC098,3796,GBP,2024-11-17T15:48:35,Services
TXN0664,ACC055,ACC059,9769,GBP,2024-12-30T15:00:10,Salary
TXN0665,ACC012,ACC076,7400,EUR,2024-04-13T12:56:43,Loan repayment
TXN0666,ACC006,ACC002,753,GBP,2024-01-07T13:27:12,Goods purchase
TXN0667,ACC049,ACC005,1726,GBP,2024-01-04T00:25:49,Services
TXN0668,ACC049,ACC026,1389,USD,2024-08-16T13:29:08,Salary
TXN0669,ACC040,ACC041,8405,USD,2024-10-14T23:47:45,Goods purchase
TXN0670,ACC026,ACC082,3812,USD,2024-03-23T06:25:34,Services
TXN0671,ACC069,ACC025,3441,EUR,2024-09-21T11:55:03,Goods purchase
TXN0672,ACC053,ACC062,5566,USD,2024-04-20T19:50:07,Goods purchase
TXN0673,ACC088,ACC001,7873,GBP,2024-10-20T04:05:28,Salary
TXN0674,ACC004,ACC047,1934,GBP,2024-09-07T17:36:56,Salary
TXN0675,ACC008,ACC024,7316,GBP,2024-07-04T04:37:25,Services
TXN0676,ACC077,ACC070,5741,GBP,2024-03-08T22:35:03,Loan repayment
TXN0677,ACC028,ACC063,8577,EUR,2024-03-18T19:59:55,Loan repayment
TXN0678,ACC004,ACC015,4222,EUR,2024-10-24T04:24:32,Loan repayment
TXN0679,ACC053,ACC032,1289,USD,2024-11-12T02:34:17,Salary
TXN0680,ACC027,ACC044,3744,GBP,2024-05-15T13:11:55,Goods purchase
TXN0681,ACC003,ACC050,8865,GBP,2024-07-02T00:32:24,Services
TXN0682,ACC011,ACC097,9235,GBP,2024-10-28T12:23:51,Salary
TXN0683,ACC026,ACC015,2333,USD,2024-06-18T19:04:28,Salary
TXN0684,ACC052,ACC055,9102,USD,2024-01-03T14:54:23,Loan repayment
TXN0685,ACC012,ACC066,8451,USD,2024-09-26T03:24:22,Services
TXN0686,ACC006,ACC018,7212,USD,2024-05-15T19:36:41,Loan repayment
TXN0687,ACC090,ACC067,367,EUR,2024-05-16T17:55:00,Services
TXN0688,ACC077,ACC056,5407,GBP,2024-09-13T06:07:19,Salary
TXN0689,ACC018,ACC051,8327,EUR,2024-08-26T11:50:52,Loan repayment
TXN0690,ACC003,ACC076,3432,EUR,2024-12-14T16:23:28,Salary
TXN0691,ACC051,ACC090,9075,USD,2024-02-19T13:36:43,Salary
TXN0692,ACC005,ACC096,7598,EUR,2024-10-30T10:57:05,Loan repayment
TXN0693,ACC062,ACC098,2979,EUR,2024-06-27T04:12:10,Salary
TXN0694,ACC003,ACC075,7530,USD,2024-05-30T17:29:42,Services
TXN0695,ACC005,ACC042,1281,GBP,2024-07-03T12:48:12,Salary
TXN0696,ACC020,ACC002,6011,EUR,2024-07-17T21:56:28,Loan repayment
TXN0697,ACC070,ACC028,1609,EUR,2024-01-24T23:12:20,Services
TXN0698,ACC018,ACC064,2275,USD,2024-04-27T10:43:07,Loan repayment
TXN0699,ACC008,ACC055,6859,USD,2024-02-17T10:22:35,Services
TXN0700,ACC095,ACC097,2010,GBP,2024-09-13T08:51:06,Services
TXN0701,ACC009,ACC024,8192,USD,2024-09-19T16:20:08,Salary
TXN0702,ACC089,ACC009,2594,USD,2024-10-25T10:51:40,Goods purchase
TXN0703,ACC054,ACC020,4725,EUR,2024-02-13T02:06:01,Salary
TXN0704,ACC085,ACC034,9954,EUR,2024-11-26T19:32:08,Goods purchase
TXN0705,ACC088,ACC044,3271,USD,2024-06-09T12:03:32,Services
TXN0706,ACC071,ACC033,2126,EUR,2024-06-15T12:35:24,Salary
TXN0707,ACC060,ACC048,738,GBP,2024-07-22T06:16:34,Services
TXN0708,ACC099,ACC003,9285,EUR,2024-05-06T21:38:57,Goods purchase
TXN0709,ACC005,ACC075,7760,USD,2024-07-21T13:29:55,Services
TXN0710,ACC076,ACC020,522,GBP,2024-09-11T04:07:58,Services
TXN0711,ACC050,ACC072,9467,GBP,2024-08-16T23:27:35,Salary
TXN0712,ACC035,ACC099,7649,EUR,2024-06-26T20:10:13,Services
TXN0713,ACC011,ACC084,3888,EUR,2024-04-23T21:04:22,Goods purchase
TXN0714,ACC089,ACC040,6419,USD,2024-12-01T00:53:29,Salary
TXN0715,ACC048,ACC044,3301,USD,2024-01-23T04:01:16,Salary
TXN0716,ACC092,ACC083,1317,EUR,2024-01-04T16:19:32,Salary
TXN0717,ACC027,ACC068,5122,GBP,2024-02-29T04:06:03,Services
TXN0718,ACC062,ACC020,1842,USD,2024-06-28T18:33:27,Services
TXN0719,ACC039,ACC041,1156,EUR,2024-01-25T18:19:35,Goods purchase
TXN0720,ACC056,ACC070,4715,USD,2024-07-22T07:36:53,Loan repayment
TXN0721,ACC052,ACC010,2244,EUR,2024-09-07T00:14:24,Loan repayment
TXN0722,ACC015,ACC008,9525,USD,2024-06-22T16:21:05,Salary
TXN0723,ACC015,ACC022,9832,EUR,2024-11-01T00:08:04,Goods purchase
TXN0724,ACC083,ACC046,423,EUR,2024-07-13T10:04:55,Loan repayment
TXN0725,ACC065,ACC070,2872,EUR,2024-06-23T09:26:19,Goods purchase
TXN0726,ACC034,ACC031,8327,USD,2024-03-12T14:41:13,Loan repayment
TXN0727,ACC092,ACC062,9254,EUR,2024-07-05T00:51:20,Services
TXN0728,ACC034,ACC025,3139,EUR,2024-05-14T05:24:46,Salary
TXN0729,ACC061,ACC041,5937,GBP,2024-06-22T12:53:28,Goods purchase
TXN0730,ACC025,ACC043,8721,USD,2024-03-20T22:37:22,Services
TXN0731,ACC037,ACC036,8717,GBP,2024-01-16T14:14:23,Loan repayment
TXN0732,ACC084,ACC089,7295,EUR,2024-12-29T23:01:24,Services
TXN0733,ACC074,ACC024,7714,GBP,2024-03-27T13:50:02,Services
TXN0734,ACC007,ACC037,8769,EUR,2024-02-05T11:26:18,Salary
TXN0735,ACC048,ACC030,2849,EUR,2024-02-04T13:12:20,Loan repayment
TXN0736,ACC023,ACC036,3556,GBP,2024-10-13T17:34:39,Services
TXN0737,ACC055,ACC053,8349,USD,2024-11-04T09:05:16,Goods purchase
TXN0738,ACC036,ACC023,7513,USD,2024-03-11T11:00:11,Salary
TXN0739,ACC072,ACC068,7162,EUR,2024-03-30T03:54:29,Loan repayment
TXN0740,ACC067,ACC034,4564,EUR,2024-09-18T04:15:05,Salary
TXN0741,ACC032,ACC077,2361,GBP,2024-10-27T11:07:08,Services
TXN0742,ACC081,ACC088,9397,USD,2024-07-25T11:04:32,Loan repayment
TXN0743,ACC097,ACC042,6923,GBP,2024-03-15T15:14:10,Loan repayment
TXN0744,ACC011,ACC036,5140,GBP,2024-11-07T09:29:15,Salary
TXN0745,ACC003,ACC024,7135,EUR,2024-01-13T05:21:10,Salary
TXN0746,ACC045,ACC006,2860,GBP,2024-06-12T07:54:28,Loan repayment
TXN0747,ACC002,ACC072,697,EUR,2024-03-15T19:53:29,Salary
TXN0748,ACC059,ACC084,5063,EUR,2024-07-24T08:29:38,Loan repayment
TXN0749,ACC064,ACC003,6108,USD,2024-11-04T11:56:00,Services
TXN0750,ACC031,ACC090,2117,GBP,2024-08-14T08:21:19,Salary
TXN0751,ACC039,ACC072,2771,EUR,2024-04-02T22:11:52,Loan repayment
TXN0752,ACC076,ACC035,556,EUR,2024-06-17T03:03:14,Goods purchase
TXN0753,ACC044,ACC012,7982,EUR,2024-04-23T21:53:15,Services
TXN0754,ACC045,ACC022,4174,USD,2024-02-29T22:30:23,Loan repayment
TXN0755,ACC010,ACC076,969,USD,2024-03-13T05:40:29,Services
TXN0756,ACC074,ACC020,7660,EUR,2024-09-01T12:41:14,Goods purchase
TXN0757,ACC093,ACC022,6052,USD,2024-10-11T15:00:48,Goods purchase
TXN0758,ACC021,ACC003,1748,EUR,2024-12-28T01:04:34,Loan repayment
TXN0759,ACC063,ACC075,5512,USD,2024-04-08T18:21:49,Salary
TXN0760,ACC036,ACC034,6379,GBP,2024-10-28T19:17:19,Loan repayment
TXN0761,ACC026,ACC016,2181,EUR,2024-04-26T00:30:29,Loan repayment
TXN0762,ACC070,ACC087,8670,EUR,2024-12-03T17:02:08,Goods purchase
TXN0763,ACC070,ACC018,9329,EUR,2024-09-11T03:24:52,Goods purchase
TXN0764,ACC079,ACC003,5599,GBP,2024-03-29T17:06:21,Loan repayment
TXN0765,ACC002,ACC089,6282,GBP,2024-07-16T19:12:02,Goods purchase
TXN0766,ACC069,ACC060,5287,GBP,2024-04-23T09:29:51,Loan repayment
TXN0767,ACC052,ACC061,9707,USD,2024-02-15T11:27:13,Loan repayment
TXN0768,ACC035,ACC008,3054,EUR,2024-09-25T23:44:44,Goods purchase
TXN0769,ACC016,ACC042,3919,EUR,2024-02-29T22:31:31,Salary
TXN0770,ACC070,ACC027,2132,USD,2024-02-28T14:57:31,Goods purchase
TXN0771,ACC042,ACC047,9170,GBP,2024-01-26T10:57:35,Salary
TXN0772,ACC020,ACC086,5948,USD,2024-05-19T04:53:57,Salary
TXN0773,ACC056,ACC055,7340,EUR,2024-11-12T20:44:06,Services
TXN0774,ACC050,ACC007,8767,USD,2024-01-11T03:17:50,Services
TXN0775,ACC006,ACC053,9964,EUR,2024-08-13T16:23:15,Services
TXN0776,ACC096,ACC015,1481,USD,2024-05-08T12:04:07,Salary
TXN0777,ACC029,ACC017,5329,USD,2024-06-26T11:42:56,Salary
TXN0778,ACC039,ACC071,5339,USD,2024-06-17T22:16:50,Goods purchase
TXN0779,ACC050,ACC057,230,USD,2024-01-28T04:06:32,Salary
TXN0780,ACC057,ACC089,9746,USD,2024-03-11T20:46:45,Goods purchase
TXN0781,ACC030,ACC072,7767,GBP,2024-10-15T19:10:31,Loan repayment
TXN0782,ACC057,ACC094,3581,USD,2024-12-29T16:08:28,Goods purchase
TXN0783,ACC058,ACC049,8807,USD,2024-03-10T18:22:10,Loan repayment
TXN0784,ACC057,ACC086,138,USD,2024-07-22T13:53:43,Salary
TXN0785,ACC085,ACC016,4197,EUR,2024-06-04T22:52:41,Goods purchase
TXN0786,ACC053,ACC033,5241,EUR,2024-08-31T10:40:45,Goods purchase
TXN0787,ACC056,ACC002,9521,EUR,2024-05-19T00:52:34,Loan repayment
TXN0788,ACC013,ACC004,7110,GBP,2024-07-29T05:48:44,Services
TXN0789,ACC094,ACC004,8131,GBP,2024-12-08T08:59:24,Loan repayment
TXN0790,ACC068,ACC076,3735,GBP,2024-12-27T11:24:15,Services
TXN0791,ACC047,ACC052,8615,GBP,2024-12-25T06:16:19,Loan repayment
TXN0792,ACC080,ACC085,8908,GBP,2024-12-08T11:22:22,Loan repayment
TXN0793,ACC031,ACC011,6120,USD,2024-04-02T10:40:11,Services
TXN0794,ACC013,ACC028,8801,EUR,2024-04-14T04:37:19,Services
TXN0795,ACC056,ACC086,7008,EUR,2024-10-23T00:36:58,Services
TXN0796,ACC026,ACC018,4049,USD,2024-07-05T23:13:23,Services
TXN0797,ACC072,ACC022,5919,GBP,2024-02-16T16:16:44,Salary
TXN0798,ACC059,ACC090,2042,EUR,2024-02-28T19:55:04,Services
TXN0799,ACC060,ACC094,8739,GBP,2024-05-10T08:36:30,Goods purchase
TXN0800,ACC096,ACC041,3636,GBP,2024-11-12T04:36:34,Goods purchase
TXN0801,ACC033,ACC027,5121,GBP,2024-07-08T20:26:43,Loan repayment
TXN0802,ACC092,ACC012,2760,EUR,2024-01-05T14:41:47,Services
TXN0803,ACC083,ACC018,8661,GBP,2024-02-17T08:50:51,Services
TXN0804,ACC088,ACC070,9631,EUR,2024-09-03T06:17:26,Salary
TXN0805,ACC046,ACC023,5871,GBP,2024-11-23T23:21:55,Loan repayment
TXN0806,ACC064,ACC096,6364,USD,2024-08-04T10:22:08,Salary
TXN0807,ACC050,ACC059,895,GBP,2024-12-23T16:09:25,Salary
TXN0808,ACC004,ACC055,9213,EUR,2024-06-27T19:59:23,Goods purchase
TXN0809,ACC017,ACC094,3330,GBP,2024-07-21T10:28:18,Goods purchase
TXN0810,ACC010,ACC067,9817,GBP,2024-07-10T11:13:45,Loan repayment
TXN0811,ACC019,ACC075,5554,GBP,2024-08-29T23:45:22,Loan repayment
TXN0812,ACC065,ACC022,101,EUR,2024-06-23T21:34:41,Salary
TXN0813,ACC100,ACC027,2124,USD,2024-11-04T10:23:45,Goods purchase
TXN0814,ACC047,ACC035,8546,USD,2024-10-26T23:56:59,Salary
TXN0815,ACC052,ACC089,7834,GBP,2024-03-10T10:33:02,Loan repayment
TXN0816,ACC087,ACC078,6826,USD,2024-03-17T17:00:55,Goods purchase
TXN0817,ACC076,ACC052,9428,USD,2024-01-15T10:51:27,Goods purchase
TXN0818,ACC008,ACC006,379,GBP,2024-07-02T18:33:26,Services
TXN0819,ACC052,ACC001,1158,EUR,2024-11-04T09:18:16,Services
TXN0820,ACC020,ACC093,3170,GBP,2024-02-17T01:03:08,Loan repayment
TXN0821,ACC055,ACC033,1726,GBP,2024-07-17T16:43:58,Salary
TXN0822,ACC063,ACC013,430,GBP,2024-09-23T16:27:40,Salary
TXN0823,ACC071,ACC063,7529,GBP,2024-06-13T20:04:40,Services
TXN0824,ACC069,ACC068,3163,EUR,2024-02-01T04:54:53,Services
TXN0825,ACC049,ACC025,2274,USD,2024-09-05T08:14:02,Goods purchase
TXN0826,ACC068,ACC074,4207,USD,2024-04-19T15:48:15,Services
TXN0827,ACC041,ACC080,7266,USD,2024-01-31T07:15:58,Loan repayment
TXN0828,ACC066,ACC011,5599,USD,2024-09-10T07:13:38,Services
TXN0829,ACC056,ACC045,273,EUR,2024-07-11T18:55:57,Salary
TXN0830,ACC078,ACC054,3944,USD,2024-11-24T15:15:34,Salary
TXN0831,ACC025,ACC056,9099,GBP,2024-05-03T18:52:19,Salary
TXN0832,ACC018,ACC039,6847,GBP,2024-07-31T01:57:10,Services
TXN0833,ACC079,ACC023,920,GBP,2024-01-31T06:12:00,Loan repayment
TXN0834,ACC029,ACC096,4074,GBP,2024-03-22T09:40:13,Goods purchase
TXN0835,ACC076,ACC042,1083,USD,2024-01-13T18:35:08,Services
TXN0836,ACC084,ACC097,3340,GBP,2024-04-16T07:50:36,Services
TXN0837,ACC069,ACC100,5841,USD,2024-12-10T04:06:22,Loan repayment
TXN0838,ACC006,ACC098,9627,GBP,2024-09-27T02:11:12,Services
TXN0839,ACC014,ACC049,4298,GBP,2024-02-13T14:49:10,Salary
TXN0840,ACC020,ACC091,2044,USD,2024-10-12T16:13:55,Services
TXN0841,ACC078,ACC030,6386,EUR,2024-08-26T18:33:28,Services
TXN0842,ACC026,ACC095,5538,USD,2024-03-20T05:02:02,Salary
TXN0843,ACC012,ACC002,2192,GBP,2024-06-01T07:30:59,Salary
TXN0844,ACC011,ACC034,9633,EUR,2024-08-17T04:29:36,Goods purchase
TXN0845,ACC053,ACC004,6542,GBP,2024-07-10T05:21:11,Salary
TXN0846,ACC010,ACC053,9858,GBP,2024-04-14T20:38:52,Salary
TXN0847,ACC100,ACC035,6145,EUR,2024-08-01T16:11:24,Salary
TXN0848,ACC021,ACC100,9328,GBP,2024-01-16T08:01:14,Salary
TXN0849,ACC043,ACC009,4042,EUR,2024-08-07T13:45:20,Salary
TXN0850,ACC069,ACC049,7822,USD,2024-09-04T11:05:07,Loan repayment
TXN0851,ACC038,ACC048,2724,EUR,2024-04-27T18:39:04,Goods purchase
TXN0852,ACC022,ACC066,7792,USD,2024-11-02T20:06:41,Salary
TXN0853,ACC064,ACC041,6313,EUR,2024-02-06T14:27:25,Salary
TXN0854,ACC006,ACC033,9501,EUR,2024-05-10T18:13:04,Services
TXN0855,ACC073,ACC023,5721,EUR,2024-11-03T18:54:25,Loan repayment
TXN0856,ACC037,ACC027,3673,EUR,2024-02-25T07:17:36,Loan repayment
TXN0857,ACC013,ACC024,9156,EUR,2024-01-22T14:17:09,Goods purchase
TXN0858,ACC082,ACC060,8342,GBP,2024-06-24T18:26:06,Loan repayment
TXN0859,ACC039,ACC087,4425,GBP,2024-03-04T02:11:29,Loan repayment
TXN0860,ACC050,ACC029,5907,USD,2024-01-18T23:56:49,Services
TXN0861,ACC022,ACC038,1422,EUR,2024-03-28T21:05:56,Loan repayment
TXN0862,ACC058,ACC088,2744,EUR,2024-07-26T09:26:43,Goods purchase
TXN0863,ACC045,ACC001,2268,USD,2024-05-22T03:14:43,Salary
TXN0864,ACC049,ACC029,3531,USD,2024-11-07T22:20:22,Salary
TXN0865,ACC079,ACC028,5499,USD,2024-11-29T06:26:11,Salary
TXN0866,ACC093,ACC084,6419,USD,2024-01-02T03:15:36,Services
TXN0867,ACC082,ACC079,4159,GBP,2024-02-15T13:00:49,Services
TXN0868,ACC052,ACC011,2904,USD,2024-04-12T04:02:31,Services
TXN0869,ACC044,ACC004,1444,GBP,2024-08-22T21:40:34,Salary
TXN0870,ACC015,ACC032,2200,EUR,2024-02-24T08:59:53,Services
TXN0871,ACC005,ACC040,3188,USD,2024-04-26T08:37:01,Loan repayment
TXN0872,ACC012,ACC080,2098,EUR,2024-05-26T00:13:13,Goods purchase
TXN0873,ACC030,ACC098,2918,EUR,2024-11-14T18:43:21,Services
TXN0874,ACC079,ACC075,6152,USD,2024-06-23T16:02:37,Salary
TXN0875,ACC047,ACC017,2852,USD,2024-02-18T05:25:08,Goods purchase
TXN0876,ACC072,ACC078,7674,EUR,2024-06-19T20:19:57,Services
TXN0877,ACC090,ACC098,1487,GBP,2024-07-25T06:47:34,Loan repayment
TXN0878,ACC082,ACC009,9479,GBP,2024-11-11T09:17:20,Salary
TXN0879,ACC004,ACC012,2986,USD,2024-06-15T07:46:04,Loan repayment
TXN0880,ACC050,ACC011,3313,EUR,2024-04-21T10:38:47,Services
TXN0881,ACC067,ACC047,6481,USD,2024-02-08T03:52:18,Salary
TXN0882,ACC035,ACC089,9562,GBP,2024-11-01T09:12:23,Salary
TXN0883,ACC072,ACC024,9466,USD,2024-05-10T20:33:56,Services
TXN0884,ACC029,ACC016,5182,EUR,2024-10-29T15:20:14,Salary
TXN0885,ACC006,ACC100,9501,USD,2024-02-13T12:36:46,Goods purchase
TXN0886,ACC084,ACC087,5731,EUR,2024-07-11T18:19:02,Loan repayment
TXN0887,ACC085,ACC079,3766,USD,2024-07-14T06:21:25,Goods purchase
TXN0888,ACC041,ACC034,6252,EUR,2024-03-27T03:05:45,Loan repayment
TXN0889,ACC058,ACC013,8925,USD,2024-12-29T21:14:17,Salary
TXN0890,ACC054,ACC031,5507,GBP,2024-06-13T06:09:40,Loan repayment
TXN0891,ACC071,ACC093,1979,GBP,2024-09-27T14:32:08,Loan repayment
TXN0892,ACC041,ACC006,669,USD,2024-08-30T05:29:49,Loan repayment
TXN0893,ACC089,ACC065,2155,EUR,2024-11-29T19:17:15,Loan repayment
TXN0894,ACC003,ACC005,326,USD,2024-10-13T00:37:18,Goods purchase
TXN0895,ACC083,ACC052,9590,GBP,2024-12-13T17:34:27,Loan repayment
TXN0896,ACC080,ACC073,5874,USD,2024-11-02T23:14:37,Goods purchase
TXN0897,ACC090,ACC062,2215,GBP,2024-03-22T18:20:44,Services
TXN0898,ACC078,ACC042,1688,EUR,2024-08-03T06:28:46,Loan repayment
TXN0899,ACC073,ACC069,2979,EUR,2024-11-14T02:13:49,Goods purchase
TXN0900,ACC084,ACC046,4927,GBP,2024-01-12T12:04:16,Goods purchase
TXN0901,ACC019,ACC014,8530,GBP,2024-06-30T08:32:37,Services
TXN0902,ACC072,ACC064,5371,GBP,2024-07-08T17:20:33,Services
TXN0903,ACC022,ACC057,6415,USD,2024-11-22T08:10:40,Goods purchase
TXN0904,ACC006,ACC077,3207,GBP,2024-08-17T23:42:58,Goods purchase
TXN0905,ACC030,ACC024,4236,USD,2024-07-28T06:12:22,Loan repayment
TXN0906,ACC047,ACC068,4314,EUR,2024-02-01T07:13:58,Services
TXN0907,ACC035,ACC070,7606,USD,2024-08-30T07:58:23,Services
TXN0908,ACC003,ACC063,4688,EUR,2024-04-25T22:08:29,Loan repayment
TXN0909,ACC011,ACC022,2617,GBP,2024-03-22T20:33:26,Salary
TXN0910,ACC052,ACC071,9825,GBP,2024-01-07T21:59:14,Loan repayment
TXN0911,ACC099,ACC016,4745,USD,2024-05-29T21:59:12,Goods purchase
TXN0912,ACC077,ACC039,7524,GBP,2024-01-27T06:35:04,Goods purchase
TXN0913,ACC084,ACC012,2975,GBP,2024-08-20T20:38:36,Salary
TXN0914,ACC040,ACC042,1394,EUR,2024-11-26T06:53:44,Goods purchase
TXN0915,ACC034,ACC093,2949,USD,2024-03-09T00:39:41,Services
TXN0916,ACC007,ACC073,9748,EUR,2024-01-12T09:17:44,Goods purchase
TXN0917,ACC001,ACC055,6147,USD,2024-05-19T11:39:27,Loan repayment
TXN0918,ACC079,ACC099,4854,GBP,2024-09-05T19:28:51,Goods purchase
TXN0919,ACC004,ACC066,951,USD,2024-07-25T18:24:44,Loan repayment
TXN0920,ACC048,ACC015,9383,GBP,2024-06-15T20:06:54,Loan repayment
TXN0921,ACC027,ACC097,1720,EUR,2024-05-12T08:51:33,Salary
TXN0922,ACC060,ACC071,2262,USD,2024-01-04T03:39:49,Goods purchase
TXN0923,ACC034,ACC029,2047,USD,2024-10-09T21:17:49,Goods purchase
TXN0924,ACC043,ACC068,675,GBP,2024-06-05T02:16:32,Goods purchase
TXN0925,ACC090,ACC068,321,GBP,2024-11-21T20:23:59,Services
TXN0926,ACC038,ACC001,3428,GBP,2024-03-05T23:32:27,Goods purchase
TXN0927,ACC005,ACC007,5716,EUR,2024-10-05T01:55:02,Loan repayment
TXN0928,ACC059,ACC003,5019,USD,2024-01-17T09:51:32,Loan repayment
TXN0929,ACC056,ACC014,3677,USD,2024-10-30T13:40:04,Goods purchase
TXN0930,ACC080,ACC027,506,GBP,2024-08-19T15:02:49,Loan repayment
TXN0931,ACC069,ACC030,4386,EUR,2024-07-02T08:28:12,Loan repayment
TXN0932,ACC065,ACC049,6154,EUR,2024-01-30T21:21:38,Goods purchase
TXN0933,ACC053,ACC031,4516,USD,2024-09-01T08:16:10,Salary
TXN0934,ACC027,ACC049,7426,GBP,2024-05-28T14:36:37,Services
TXN0935,ACC027,ACC024,5276,USD,2024-02-03T18:19:55,Goods purchase
TXN0936,ACC067,ACC100,1243,GBP,2024-08-01T10:32:57,Services
TXN0937,ACC085,ACC075,6775,GBP,2024-12-05T10:40:17,Loan repayment
TXN0938,ACC061,ACC033,6258,EUR,2024-02-12T01:55:10,Salary
TXN0939,ACC091,ACC033,2114,USD,2024-07-29T11:09:17,Salary
TXN0940,ACC052,ACC037,618,EUR,2024-06-12T16:22:24,Services
TXN0941,ACC071,ACC023,5349,EUR,2024-06-11T11:03:24,Services
TXN0942,ACC054,ACC090,5227,EUR,2024-01-02T20:29:52,Services
TXN0943,ACC036,ACC081,1498,GBP,2024-07-21T20:40:52,Services
TXN0944,ACC079,ACC036,4155,GBP,2024-10-04T21:28:31,Services
TXN0945,ACC023,ACC007,7833,USD,2024-11-02T02:08:04,Goods purchase
TXN0946,ACC021,ACC043,4593,GBP,2024-12-13T06:32:35,Salary
TXN0947,ACC030,ACC018,3657,USD,2024-01-11T15:54:01,Goods purchase
TXN0948,ACC061,ACC050,9683,EUR,2024-01-29T23:18:52,Goods purchase
TXN0949,ACC080,ACC005,3383,GBP,2024-04-04T02:04:03,Services
TXN0950,ACC079,ACC012,716,EUR,2024-06-25T21:54:23,Salary
TXN0951,ACC098,ACC041,6423,USD,2024-08-12T11:55:39,Services
TXN0952,ACC039,ACC050,6046,GBP,2024-03-22T19:10:12,Loan repayment
TXN0953,ACC062,ACC069,2838,GBP,2024-05-23T13:51:58,Services
TXN0954,ACC048,ACC003,337,USD,2024-12-26T19:34:50,Goods purchase
TXN0955,ACC022,ACC051,1691,EUR,2024-09-26T04:17:11,Salary
TXN0956,ACC030,ACC048,3186,USD,2024-06-11T20:18:42,Goods purchase
TXN0957,ACC039,ACC024,3244,EUR,2024-11-21T12:42:28,Loan repayment
TXN0958,ACC059,ACC049,7276,GBP,2024-03-18T01:43:01,Loan repayment
TXN0959,ACC041,ACC055,9258,USD,2024-06-16T06:48:46,Salary
TXN0960,ACC076,ACC087,2082,USD,2024-12-02T21:56:33,Salary
TXN0961,ACC073,ACC065,4038,GBP,2024-10-02T03:21:51,Goods purchase
TXN0962,ACC008,ACC011,8587,GBP,2024-10-02T01:28:57,Loan repayment
TXN0963,ACC094,ACC033,2267,USD,2024-10-13T19:15:21,Services
TXN0964,ACC019,ACC001,8228,GBP,2024-06-12T16:55:33,Loan repayment
TXN0965,ACC009,ACC057,8645,EUR,2024-01-02T12:06:01,Loan repayment
TXN0966,ACC001,ACC010,1975,EUR,2024-02-12T01:59:32,Loan repayment
TXN0967,ACC015,ACC019,3001,EUR,2024-10-12T14:02:33,Salary
TXN0968,ACC094,ACC042,4218,GBP,2024-04-20T07:55:43,Goods purchase
TXN0969,ACC094,ACC055,5920,EUR,2024-03-04T10:15:30,Goods purchase
TXN0970,ACC054,ACC038,9258,USD,2024-06-11T22:29:49,Services
TXN0971,ACC097,ACC039,8440,GBP,2024-07-12T00:44:39,Salary
TXN0972,ACC005,ACC001,2317,EUR,2024-12-31T13:45:38,Goods purchase
TXN0973,ACC027,ACC056,8973,GBP,2024-01-04T11:03:13,Services
TXN0974,ACC082,ACC001,456,GBP,2024-01-20T21:36:04,Loan repayment
TXN0975,ACC006,ACC027,6115,USD,2024-04-18T03:37:10,Salary
TXN0976,ACC090,ACC037,553,USD,2024-05-17T16:29:14,Goods purchase
TXN0977,ACC072,ACC092,1977,GBP,2024-05-12T01:46:39,Goods purchase
TXN0978,ACC079,ACC089,295,USD,2024-02-24T04:52:28,Loan repayment
TXN0979,ACC042,ACC043,4418,USD,2024-05-24T14:27:19,Goods purchase
TXN0980,ACC059,ACC071,3901,EUR,2024-05-26T01:46:37,Salary
TXN0981,ACC035,ACC032,5937,EUR,2024-07-13T05:59:36,Goods purchase
TXN0982,ACC017,ACC009,8127,EUR,2024-11-11T05:06:35,Services
TXN0983,ACC007,ACC092,2054,GBP,2024-09-07T22:31:56,Salary
TXN0984,ACC055,ACC011,5345,USD,2024-10-28T10:23:45,Loan repayment
TXN0985,ACC092,ACC048,8627,GBP,2024-12-28T06:04:29,Services
TXN0986,ACC049,ACC032,6673,EUR,2024-09-01T08:54:30,Salary
TXN0987,ACC012,ACC050,8796,USD,2024-11-12T12:20:38,Loan repayment
TXN0988,ACC091,ACC096,1934,EUR,2024-08-26T19:03:26,Salary
TXN0989,ACC100,ACC081,7715,GBP,2024-02-13T18:29:53,Loan repayment
TXN0990,ACC005,ACC032,1963,EUR,2024-05-22T02:06:54,Goods purchase
TXN0991,ACC093,ACC063,4084,GBP,2024-03-23T01:32:45,Salary
TXN0992,ACC083,ACC010,683,GBP,2024-07-02T20:56:19,Salary
TXN0993,ACC051,ACC076,1585,EUR,2024-09-09T13:58:54,Services
TXN0994,ACC044,ACC063,1690,USD,2024-02-06T12:35:11,Services
TXN0995,ACC057,ACC072,220,EUR,2024-01-26T12:51:32,Services
TXN0996,ACC051,ACC015,538,EUR,2024-12-22T15:05:53,Salary
TXN0997,ACC042,ACC009,994,EUR,2024-11-15T02:41:59,Salary
TXN0998,ACC079,ACC033,7658,EUR,2024-10-22T06:12:32,Loan repayment
TXN0999,ACC068,ACC029,4408,GBP,2024-04-22T02:21:50,Services
TXN1000,ACC039,ACC032,5643,EUR,2024-11-04T13:17:10,Salary